Datetime,Open,High,Low,Close,Volume,Supertrend,Final Lowerband,Final Upperband
2024-06-20 04:30:00+00:00,65133.75390625,65181.88671875,65133.75390625,65181.88671875,0,True,,
2024-06-20 04:35:00+00:00,65222.6640625,65222.6640625,65198.78515625,65205.4375,45056,True,,
2024-06-20 04:40:00+00:00,65214.16796875,65214.16796875,65189.546875,65189.546875,0,True,,
2024-06-20 04:45:00+00:00,65149.5234375,65179.8828125,65149.5234375,65179.8828125,0,True,,
2024-06-20 04:50:00+00:00,65214.91015625,65282.0703125,65214.91015625,65238.8046875,3514368,True,,
2024-06-20 04:55:00+00:00,65216.4296875,65274.99609375,65216.4296875,65274.99609375,8663040,True,,
2024-06-20 05:00:00+00:00,65263.4921875,65263.4921875,65231.0703125,65236.90234375,0,True,,
2024-06-20 05:05:00+00:00,65271.7109375,65306.2109375,65269.94140625,65306.2109375,21592064,True,,
2024-06-20 05:10:00+00:00,65303.62890625,65303.62890625,65268.31640625,65274.8046875,33859584,True,,
2024-06-20 05:15:00+00:00,65279.65625,65295.40234375,65267.3984375,65267.3984375,0,True,65232.53294771049,
2024-06-20 05:20:00+00:00,65262.66796875,65278.12890625,65262.453125,65277.40625,0,True,65232.53294771049,
2024-06-20 05:25:00+00:00,65292.55078125,65335.4921875,65292.55078125,65335.4921875,18393088,True,65268.03236518793,
2024-06-20 05:30:00+00:00,65326.39453125,65348.0703125,65326.39453125,65348.0703125,15847424,True,65294.50327862527,
2024-06-20 05:35:00+00:00,65344.66796875,65381.15625,65339.3515625,65371.6328125,11460608,True,65317.644630388975,
2024-06-20 05:40:00+00:00,65383.09765625,65399.12890625,65360.4140625,65360.4140625,21186560,True,65337.65262390517,
2024-06-20 05:45:00+00:00,65361.45703125,65402.57421875,65361.45703125,65391.2109375,23353344,True,65339.891695684884,
2024-06-20 05:50:00+00:00,65418.2421875,65456.08984375,65417.15625,65456.08984375,47337472,True,65391.76817573638,
2024-06-20 05:55:00+00:00,65516.00390625,65557.609375,65516.00390625,65557.609375,47300608,True,65485.28459659106,
2024-06-20 06:00:00+00:00,65495.62109375,65562.3828125,65485.984375,65557.3046875,14428160,True,65485.28459659106,
2024-06-20 06:05:00+00:00,65529.13671875,65529.13671875,65458.82421875,65499.10546875,52156416,True,65485.28459659106,
2024-06-20 06:10:00+00:00,65504.77734375,65583.0546875,65504.77734375,65583.0546875,50640896,True,65485.28459659106,
2024-06-20 06:15:00+00:00,65570.2890625,65570.2890625,65484.36328125,65504.49609375,35917824,True,65485.28459659106,
2024-06-20 06:20:00+00:00,65501.31640625,65501.31640625,65468.99609375,65468.99609375,33388544,False,,65548.00743771285
2024-06-20 06:25:00+00:00,65507.7890625,65507.7890625,65470.51171875,65484.95703125,4407296,False,,65548.00743771285
2024-06-20 06:30:00+00:00,65505.31640625,65549.203125,65505.31640625,65549.203125,3147776,True,65466.591002863155,
2024-06-20 06:35:00+00:00,65559.5,65586.53125,65559.5,65560.4375,10276864,True,65514.842148503296,
2024-06-20 06:40:00+00:00,65562.9453125,65562.9453125,65489.33984375,65489.33984375,3696640,False,,65585.95453080625
2024-06-20 06:45:00+00:00,65484.671875,65484.671875,65432.0234375,65432.0234375,0,False,,65517.896272645965
2024-06-20 06:50:00+00:00,65423.9296875,65423.9296875,65379.71875,65398.69921875,0,False,,65460.61263589321
2024-06-20 06:55:00+00:00,65424.81640625,65424.81640625,65407.18359375,65417.24609375,0,False,,65460.61263589321
2024-06-20 07:00:00+00:00,65436.90625,65473.52734375,65436.90625,65473.52734375,0,True,65399.74608432029,
2024-06-20 07:05:00+00:00,65487.92578125,65531.7890625,65487.92578125,65531.7890625,0,True,65454.097684502354,
2024-06-20 07:10:00+00:00,65530.28125,65544.7421875,65525.1640625,65540.359375,0,True,65482.926927008506,
2024-06-20 07:15:00+00:00,65546.8828125,65890.9140625,65546.8828125,65890.9140625,33974272,True,65636.16534463609,
2024-06-20 07:20:00+00:00,65886.6640625,65892.078125,65822.5,65864.0234375,195782656,True,65775.90524077733,
2024-06-20 07:25:00+00:00,65830.015625,65856.96875,65827.4296875,65856.96875,27533312,True,65775.90524077733,
2024-06-20 07:30:00+00:00,65834.109375,65882.015625,65834.109375,65854.734375,0,True,65784.21024870974,
2024-06-20 07:35:00+00:00,65797.625,65886.359375,65793.59375,65862.5859375,37015552,True,65784.21024870974,
2024-06-20 07:40:00+00:00,65887.25,65887.25,65817.3984375,65817.3984375,28139520,True,65784.21024870974,
2024-06-20 07:45:00+00:00,65832.875,65860.8125,65832.875,65860.8125,6541312,True,65784.21024870974,
2024-06-20 07:50:00+00:00,65801.0078125,65812.984375,65799.875,65812.984375,35198976,True,65784.21024870974,
2024-06-20 07:55:00+00:00,65799.359375,65809.078125,65787.828125,65809.078125,1538048,True,65784.21024870974,
2024-06-20 08:00:00+00:00,65836.3359375,65863.6015625,65833.4765625,65833.4765625,0,True,65784.21024870974,
2024-06-20 08:05:00+00:00,65821.2109375,65848.9453125,65796.3359375,65826.4296875,1220608,True,65784.21024870974,
2024-06-20 08:10:00+00:00,65806.5625,65806.5625,65760.7578125,65760.7578125,16957440,False,,65847.62799418863
2024-06-20 08:15:00+00:00,65757.171875,65757.171875,65715.796875,65718.046875,0,False,,65798.5364744486
2024-06-20 08:20:00+00:00,65719.75,65800.2734375,65719.75,65796.2890625,26210304,False,,65798.5364744486
2024-06-20 08:25:00+00:00,65762.1640625,65769.5,65761.140625,65761.140625,24997888,False,,65798.5364744486
2024-06-20 08:30:00+00:00,65748.2265625,65761.078125,65726.546875,65726.546875,0,False,,65798.5364744486
2024-06-20 08:35:00+00:00,65711.0,65726.9453125,65659.859375,65659.859375,0,False,,65752.76423255104
2024-06-20 08:40:00+00:00,65663.140625,65663.1953125,65613.5078125,65613.5078125,22831104,False,,65696.74150414349
2024-06-20 08:45:00+00:00,65655.7421875,65655.7421875,65615.6640625,65615.6640625,21800960,False,,65692.47073747205
2024-06-20 08:50:00+00:00,65615.4375,65655.390625,65615.4375,65655.390625,209876992,False,,65690.49388502564
2024-06-20 08:55:00+00:00,65669.484375,65708.6640625,65665.03125,65665.03125,9469952,False,,65690.49388502564
2024-06-20 09:00:00+00:00,65661.5,65678.8125,65658.234375,65658.234375,0,False,,65690.49388502564
2024-06-20 09:05:00+00:00,65670.34375,65670.34375,65649.0859375,65662.0390625,3241984,False,,65690.49388502564
2024-06-20 09:10:00+00:00,65658.6484375,65659.3515625,65635.46875,65635.46875,25352192,False,,65690.49388502564
2024-06-20 09:15:00+00:00,65617.3203125,65617.3203125,65601.109375,65609.6875,0,False,,65654.26123265167
2024-06-20 09:20:00+00:00,65621.7734375,65633.3359375,65621.0,65633.3359375,0,False,,65654.26123265167
2024-06-20 09:25:00+00:00,65621.4375,65621.4375,65609.234375,65609.234375,0,False,,65654.26123265167
2024-06-20 09:30:00+00:00,65597.828125,65724.3046875,65597.828125,65683.546875,20555776,True,65611.48793865531,
2024-06-20 09:35:00+00:00,65672.2109375,65697.7890625,65672.2109375,65697.7890625,49809408,True,65637.82506519505,
2024-06-20 09:40:00+00:00,65689.46875,65689.46875,65659.8203125,65659.8203125,22683648,True,65637.82506519505,
2024-06-20 09:45:00+00:00,65654.6796875,65693.90625,65643.6953125,65693.90625,10776576,True,65637.82506519505,
2024-06-20 09:50:00+00:00,65695.7578125,65713.53125,65694.4765625,65709.0546875,14153728,True,65660.05985399534,
2024-06-20 09:55:00+00:00,65706.7890625,65706.7890625,65682.8984375,65686.8671875,0,True,65660.05985399534,
2024-06-20 10:00:00+00:00,65684.1953125,65711.3671875,65662.5859375,65662.5859375,0,True,65660.05985399534,
2024-06-20 10:05:00+00:00,65677.65625,65677.65625,65635.4296875,65643.578125,0,False,,65699.30889650072
2024-06-20 10:10:00+00:00,65664.1171875,65697.3671875,65664.1171875,65697.3671875,4218880,False,,65699.30889650072
2024-06-20 10:15:00+00:00,65702.6875,65729.328125,65702.6875,65729.328125,817152,True,65673.33035708181,
2024-06-20 10:20:00+00:00,65705.9140625,65705.9140625,65660.4921875,65660.4921875,0,False,,65728.49790459011
2024-06-20 10:25:00+00:00,65668.90625,65706.21875,65668.90625,65706.21875,0,False,,65728.49790459011
2024-06-20 10:30:00+00:00,65703.0625,65719.625,65699.7421875,65719.625,5197824,False,,65728.49790459011
2024-06-20 10:35:00+00:00,65730.7890625,65791.8515625,65730.7890625,65791.8515625,16801792,True,65715.58427584128,
2024-06-20 10:40:00+00:00,65803.6640625,65803.6640625,65770.390625,65770.390625,15669248,True,65742.53802827962,
2024-06-20 10:45:00+00:00,65758.6484375,65825.234375,65758.6484375,65825.234375,0,True,65745.24169253696,
2024-06-20 10:50:00+00:00,65861.28125,65861.28125,65822.96875,65822.96875,1351680,True,65796.26425909059,
2024-06-20 10:55:00+00:00,65865.28125,66095.5234375,65865.28125,66095.5234375,101869568,True,65911.86609210637,
2024-06-20 11:00:00+00:00,66190.640625,66190.640625,66099.9453125,66133.21875,40867840,True,66074.09797811332,
2024-06-20 11:05:00+00:00,66177.796875,66385.859375,66177.796875,66385.859375,93399040,True,66192.4846059363,
2024-06-20 11:10:00+00:00,66307.8203125,66385.5078125,66307.8203125,66385.5078125,178991104,True,66258.45121141258,
2024-06-20 11:15:00+00:00,66374.8515625,66425.34375,66374.8515625,66401.15625,105074688,True,66315.65753916072,
2024-06-20 11:20:00+00:00,66338.84375,66338.84375,66294.203125,66294.203125,87203840,False,,66403.21521399744
2024-06-20 11:25:00+00:00,66320.109375,66386.0703125,66320.109375,66386.0703125,65916928,False,,66403.21521399744
2024-06-20 11:30:00+00:00,66387.2578125,66438.9609375,66387.2578125,66398.9296875,25714688,False,,66403.21521399744
2024-06-20 11:35:00+00:00,66334.234375,66334.234375,66243.2421875,66243.2421875,12093440,False,,66379.70723136097
2024-06-20 11:40:00+00:00,66248.140625,66248.140625,66173.5703125,66173.5703125,0,False,,66300.18438372329
2024-06-20 11:45:00+00:00,66181.640625,66181.640625,66143.3671875,66153.203125,0,False,,66246.7267932739
2024-06-20 11:50:00+00:00,66170.796875,66200.046875,66153.0859375,66153.0859375,0,False,,66246.7267932739
2024-06-20 11:55:00+00:00,66141.3359375,66177.109375,66131.28125,66131.28125,0,False,,66231.22459987501
2024-06-20 12:00:00+00:00,66143.40625,66167.4765625,66059.828125,66124.4375,0,False,,66193.74375607562
2024-06-20 12:05:00+00:00,66101.59375,66255.015625,66101.59375,66255.015625,49694720,True,66090.8797764033,
2024-06-20 12:10:00+00:00,66219.3984375,66264.5078125,66149.3203125,66149.3203125,60411904,True,66116.71273832962,
2024-06-20 12:15:00+00:00,66111.390625,66111.390625,66030.1015625,66034.6953125,24264704,False,,66163.84930553957
2024-06-20 12:20:00+00:00,65997.1953125,65997.1953125,65913.15625,65913.15625,101701632,False,,66051.12270602639
2024-06-20 12:25:00+00:00,65913.4921875,66035.671875,65913.4921875,66035.671875,82642944,False,,66051.12270602639
2024-06-20 12:30:00+00:00,66035.1875,66079.8671875,65988.9375,65988.9375,49678336,False,,66051.12270602639
2024-06-20 12:35:00+00:00,65951.9453125,66013.5625,65951.9453125,66013.5625,130973696,False,,66051.12270602639
2024-06-20 12:40:00+00:00,65944.125,65959.75,65927.5625,65945.5625,76693504,False,,66037.04919259598
2024-06-20 12:45:00+00:00,65989.6171875,66043.0546875,65986.359375,66043.0546875,9664512,True,65920.90415327517,
2024-06-20 12:50:00+00:00,66052.578125,66075.671875,66042.2421875,66042.2421875,60248064,True,65971.19161664977,
2024-06-20 12:55:00+00:00,66039.0703125,66043.65625,65949.6328125,65949.6328125,49371136,False,,66085.03576160446
2024-06-20 13:00:00+00:00,65956.6796875,65956.6796875,65886.71875,65886.71875,0,False,,66008.24738413127
2024-06-20 13:05:00+00:00,65847.9375,65865.21875,65832.140625,65832.140625,48259072,False,,65932.0307931282
2024-06-20 13:10:00+00:00,65849.0625,65849.0625,65815.7421875,65844.0546875,122056704,False,,65910.75029159464
2024-06-20 13:15:00+00:00,65791.296875,65791.296875,65505.83984375,65505.83984375,103038976,False,,65752.9033636387
2024-06-20 13:20:00+00:00,65566.1484375,65566.1484375,65383.1796875,65383.1796875,231536640,False,,65586.86254123675
2024-06-20 13:25:00+00:00,65367.32421875,65367.32421875,65253.453125,65253.453125,108720128,False,,65424.33997902959
2024-06-20 13:30:00+00:00,65337.7734375,65337.7734375,65218.23046875,65237.15234375,272996352,False,,65392.512432193245
2024-06-20 13:35:00+00:00,65206.23046875,65313.2421875,65206.23046875,65313.2421875,278685696,False,,65373.496924216466
2024-06-20 13:40:00+00:00,65349.171875,65443.4609375,65349.171875,65443.4609375,112375808,True,65280.909981049284,
2024-06-20 13:45:00+00:00,65399.15234375,65467.0546875,65399.15234375,65467.0546875,77410304,True,65322.44753420587,
2024-06-20 13:50:00+00:00,65411.66015625,65411.66015625,65146.8984375,65195.33984375,93341696,False,,65410.885446598346
2024-06-20 13:55:00+00:00,65215.56640625,65217.8515625,65174.91796875,65174.91796875,97892352,False,,65319.12360586973
2024-06-20 14:00:00+00:00,65121.15234375,65121.15234375,65027.55078125,65027.55078125,16705536,False,,65199.553250938974
2024-06-20 14:05:00+00:00,64963.6640625,64987.34765625,64864.8125,64864.8125,88504320,False,,65055.03544432023
2024-06-20 14:10:00+00:00,64856.09765625,64856.09765625,64784.23046875,64803.81640625,138285056,False,,64944.28207377271
2024-06-20 14:15:00+00:00,64825.8984375,64826.4140625,64825.8984375,64826.4140625,22802432,False,,64940.12218529692
2024-06-20 14:20:00+00:00,64750.1328125,64843.421875,64676.48046875,64843.421875,110329856,False,,64879.214673275164
2024-06-20 14:25:00+00:00,64799.2109375,64981.1796875,64799.2109375,64981.1796875,187826176,True,64764.66126599072,
2024-06-20 14:30:00+00:00,65008.125,65082.35546875,64993.85546875,65082.35546875,31281152,True,64915.00725584596,
2024-06-20 14:35:00+00:00,64935.85546875,65009.484375,64915.50390625,64954.5390625,60342272,True,64915.00725584596,
2024-06-20 14:40:00+00:00,64948.7109375,64948.7109375,64880.3515625,64887.62890625,51183616,False,,65036.676190833154
2024-06-20 14:45:00+00:00,64888.6484375,64888.6484375,64823.65234375,64838.87890625,25546752,False,,64972.58043464164
2024-06-20 14:50:00+00:00,64916.3046875,64963.6796875,64883.0234375,64883.0234375,60702720,False,,64972.58043464164
2024-06-20 14:55:00+00:00,64889.72265625,64948.49609375,64889.72265625,64927.89453125,49766400,False,,64972.58043464164
2024-06-20 15:00:00+00:00,64922.390625,64957.65625,64895.69921875,64895.69921875,0,False,,64972.58043464164
2024-06-20 15:05:00+00:00,64807.88671875,64892.97265625,64807.88671875,64892.97265625,111349760,False,,64955.57806861873
2024-06-20 15:10:00+00:00,64832.1875,64921.12890625,64819.41796875,64921.12890625,111249408,False,,64955.57806861873
2024-06-20 15:15:00+00:00,64952.34765625,64952.34765625,64906.7109375,64906.7109375,35424256,False,,64955.57806861873
2024-06-20 15:20:00+00:00,64877.2890625,64879.31640625,64813.5859375,64879.31640625,106711040,False,,64944.76272540731
2024-06-20 15:25:00+00:00,64880.08984375,64880.08984375,64821.3046875,64822.4140625,76949504,False,,64944.76272540731
2024-06-20 15:30:00+00:00,64813.2890625,64859.203125,64813.2890625,64859.203125,31049728,False,,64925.76051520271
2024-06-20 15:35:00+00:00,64874.1015625,64891.77734375,64869.11328125,64891.77734375,46841856,False,,64925.76051520271
2024-06-20 15:40:00+00:00,64901.30859375,65054.18359375,64901.30859375,65054.18359375,60723200,True,64886.06710624664,
2024-06-20 15:45:00+00:00,65024.0390625,65024.0390625,64929.8359375,64929.8359375,1458176,True,64886.06710624664,
2024-06-20 15:50:00+00:00,64909.80859375,64951.8046875,64909.80859375,64948.85546875,19896320,True,64886.06710624664,
2024-06-20 15:55:00+00:00,64929.92578125,64929.92578125,64807.93359375,64807.93359375,24035328,False,,64963.707666985756
2024-06-20 16:00:00+00:00,64788.8046875,64788.8046875,64755.15234375,64755.15234375,0,False,,64862.55682033018
2024-06-20 16:05:00+00:00,64594.4765625,64675.0078125,64586.5859375,64586.5859375,136359936,False,,64729.17399292149
2024-06-20 16:10:00+00:00,64607.9296875,64773.73828125,64607.9296875,64773.73828125,114726912,True,64583.57934073387,
2024-06-20 16:15:00+00:00,64731.8125,64741.8671875,64722.27734375,64722.27734375,86259712,True,64630.39699437226,
2024-06-20 16:20:00+00:00,64573.75390625,64618.921875,64562.9609375,64567.57421875,94906368,False,,64698.38079265219
2024-06-20 16:25:00+00:00,64612.8984375,64622.203125,64580.25390625,64622.203125,113186816,False,,64698.38079265219
2024-06-20 16:30:00+00:00,64661.2265625,64661.2265625,64548.28125,64548.28125,42168320,False,,64698.38079265219
2024-06-20 16:35:00+00:00,64561.15625,64639.41796875,64561.15625,64639.41796875,95707136,False,,64698.38079265219
2024-06-20 16:40:00+00:00,64737.59765625,64833.5234375,64737.59765625,64833.5234375,127066112,True,64674.325695603184,
2024-06-20 16:45:00+00:00,64818.98046875,64877.37890625,64818.98046875,64877.37890625,72947712,True,64742.22847849831,
2024-06-20 16:50:00+00:00,64863.65625,64886.078125,64863.65625,64883.1953125,44986368,True,64777.26891316898,
2024-06-20 16:55:00+00:00,64856.50390625,64856.50390625,64793.11328125,64793.11328125,14180352,True,64777.26891316898,
2024-06-20 17:00:00+00:00,64824.2421875,64824.2421875,64780.0546875,64780.0546875,0,True,64777.26891316898,
2024-06-20 17:05:00+00:00,64776.73828125,64788.7578125,64699.640625,64699.640625,30373888,False,,64835.533598324015
2024-06-20 17:10:00+00:00,64805.4609375,64826.40234375,64805.4609375,64826.40234375,8400896,False,,64835.533598324015
2024-06-20 17:15:00+00:00,64839.83203125,64867.8984375,64839.83203125,64867.8984375,0,True,64764.3262230188,
2024-06-20 17:20:00+00:00,64800.63671875,64800.63671875,64780.69921875,64783.5,0,True,64764.3262230188,
2024-06-20 17:25:00+00:00,64718.69921875,64718.69921875,64713.74609375,64713.74609375,0,False,,64803.572575601764
2024-06-20 17:30:00+00:00,64711.96875,64711.96875,64690.8125,64701.7734375,0,False,,64782.29891136983
2024-06-20 17:35:00+00:00,64768.2734375,64768.2734375,64685.28515625,64685.28515625,59338752,False,,64782.29891136983
2024-06-20 17:40:00+00:00,64714.9296875,64726.66015625,64690.0078125,64690.0078125,27375616,False,,64782.29891136983
2024-06-20 17:45:00+00:00,64692.18359375,64692.18359375,64655.8203125,64680.4140625,27101184,False,,64747.06622242045
2024-06-20 17:50:00+00:00,64769.57421875,64793.60546875,64769.57421875,64793.60546875,61249536,True,64704.51286058672,
2024-06-20 17:55:00+00:00,64867.5625,64940.3125,64867.5625,64927.7109375,74997760,True,64819.89751175884,
2024-06-20 18:00:00+00:00,64922.78515625,64964.765625,64922.78515625,64964.765625,4483072,True,64863.941354479306,
2024-06-20 18:05:00+00:00,64997.578125,65052.25390625,64997.578125,65027.3671875,92993536,True,64944.316554944904,
2024-06-20 18:10:00+00:00,65003.01953125,65003.01953125,64919.3671875,64919.3671875,60190720,False,,65044.53287406431
2024-06-20 18:15:00+00:00,64937.84375,64988.5546875,64937.84375,64985.375,0,False,,65044.53287406431
2024-06-20 18:20:00+00:00,65028.3828125,65074.50390625,65028.3828125,65059.11328125,61886464,True,64968.79858686752,
2024-06-20 18:25:00+00:00,65134.05078125,65134.05078125,65106.75390625,65132.91015625,77985792,True,65038.5282985091,
2024-06-20 18:30:00+00:00,65123.26171875,65123.26171875,65064.68359375,65064.68359375,0,True,65038.5282985091,
2024-06-20 18:35:00+00:00,65054.484375,65054.484375,64982.0,64982.0,54523904,False,,65098.96891412603
2024-06-20 18:40:00+00:00,65006.6953125,65039.94140625,64988.53515625,64988.53515625,0,False,,65092.6864758043
2024-06-20 18:45:00+00:00,65006.0703125,65066.71875,65006.0703125,65066.71875,0,False,,65092.6864758043
2024-06-20 18:50:00+00:00,65089.8125,65089.8125,65048.23828125,65085.08984375,27312128,False,,65092.6864758043
2024-06-20 18:55:00+00:00,65072.37109375,65092.609375,65072.37109375,65092.609375,757760,False,,65092.6864758043
2024-06-20 19:00:00+00:00,65092.43359375,65092.43359375,64994.578125,65010.609375,0,False,,65092.6864758043
2024-06-20 19:05:00+00:00,64989.609375,65004.69140625,64989.609375,65003.44140625,34428928,False,,65064.19576434058
2024-06-20 19:10:00+00:00,65008.57421875,65008.57421875,64978.32421875,64978.32421875,14594048,False,,65056.815055064726
2024-06-20 19:15:00+00:00,65012.00390625,65012.00390625,64942.53515625,64942.53515625,12599296,False,,65041.24565893763
2024-06-20 19:20:00+00:00,64941.7265625,64941.7265625,64807.87109375,64807.87109375,26834944,False,,64945.843749339445
2024-06-20 19:25:00+00:00,64806.46484375,65005.07421875,64806.46484375,65005.07421875,10295296,True,64821.96816458298,
2024-06-20 19:30:00+00:00,65033.18359375,65033.18359375,64991.27734375,64991.27734375,74366976,True,64932.618613771556,
2024-06-20 19:35:00+00:00,64998.2578125,64998.2578125,64941.515625,64941.515625,108869632,True,64932.618613771556,
2024-06-20 19:40:00+00:00,64938.578125,64987.06640625,64938.578125,64987.06640625,35049472,True,64932.618613771556,
2024-06-20 19:45:00+00:00,64992.921875,64992.921875,64971.49609375,64971.49609375,129077248,True,64932.618613771556,
2024-06-20 19:50:00+00:00,64961.44921875,64978.6015625,64954.0234375,64954.0234375,163106816,True,64932.618613771556,
2024-06-20 19:55:00+00:00,64925.98828125,64930.62109375,64925.98828125,64928.515625,109627392,False,,64989.32337747013
2024-06-20 20:00:00+00:00,65005.34765625,65067.6796875,65005.34765625,65067.6796875,186054656,True,64967.68044463019,
2024-06-20 20:05:00+00:00,65061.359375,65137.109375,65061.359375,65120.2890625,129079296,True,65029.709470477945,
2024-06-20 20:10:00+00:00,65112.1640625,65112.1640625,65017.75,65017.75,61755392,False,,65137.78335157727
2024-06-20 20:15:00+00:00,65038.265625,65090.08984375,65038.265625,65090.08984375,14481408,False,,65136.95540704444
2024-06-20 20:20:00+00:00,65085.34765625,65085.34765625,65047.46875,65047.46875,0,False,,65136.17021789701
2024-06-20 20:25:00+00:00,65015.54296875,65024.2578125,65008.5078125,65008.5078125,0,False,,65083.06471953976
2024-06-20 20:30:00+00:00,64988.50390625,64994.78515625,64977.1484375,64983.2734375,0,False,,65049.11645070557
2024-06-20 20:35:00+00:00,64984.078125,64984.078125,64956.0234375,64956.0234375,0,False,,65029.69093844286
2024-06-20 20:40:00+00:00,64960.94921875,64988.18359375,64960.94921875,64988.18359375,0,False,,65029.69093844286
2024-06-20 20:45:00+00:00,65008.83984375,65039.890625,65008.83984375,65034.76953125,4556800,True,64967.991589864796,
2024-06-20 20:50:00+00:00,65041.6796875,65076.21875,65041.6796875,65059.08984375,0,True,65004.06801681726,
2024-06-20 20:55:00+00:00,65052.359375,65052.359375,65045.19921875,65047.03515625,0,True,65004.06801681726,
2024-06-20 21:00:00+00:00,65055.56640625,65058.91796875,65043.19921875,65058.91796875,0,True,65004.06801681726,
2024-06-20 21:05:00+00:00,65056.79296875,65066.046875,65056.14453125,65056.14453125,0,True,65017.55724442404,
2024-06-20 21:10:00+00:00,65068.09765625,65080.85546875,65068.09765625,65073.85546875,0,True,65032.82085592033,
2024-06-20 21:15:00+00:00,65066.34765625,65074.67578125,65057.18359375,65074.67578125,0,True,65032.82085592033,
2024-06-20 21:20:00+00:00,65075.9296875,65086.39453125,65073.4296875,65073.4296875,0,True,65043.30020579806,
2024-06-20 21:25:00+00:00,65089.4765625,65117.9765625,65089.4765625,65117.9765625,0,True,65066.32116178039,
2024-06-20 21:30:00+00:00,65134.6328125,65134.6328125,65118.50390625,65119.1015625,2930688,True,65091.23787372821,
2024-06-20 21:35:00+00:00,65045.31640625,65047.49609375,65026.77734375,65026.77734375,0,False,,65078.16657770924
2024-06-20 21:40:00+00:00,65019.796875,65036.2109375,65019.796875,65036.2109375,0,False,,65066.57218556249
2024-06-20 21:45:00+00:00,65034.44140625,65034.8359375,65034.09375,65034.09375,53248,False,,65066.57218556249
2024-06-20 21:50:00+00:00,65011.32421875,65011.32421875,64996.5234375,64997.3359375,0,False,,65039.111712492195
2024-06-20 21:55:00+00:00,64999.37890625,65005.94140625,64999.37890625,65005.94140625,0,False,,65035.18979905482
2024-06-20 22:00:00+00:00,64997.140625,65030.89453125,64997.140625,65030.89453125,0,False,,65035.18979905482
2024-06-20 22:05:00+00:00,65032.7265625,65047.59375,65031.51953125,65047.59375,0,True,65008.49985651589,
2024-06-20 22:10:00+00:00,65086.20703125,65094.46875,65086.20703125,65094.46875,9373696,True,65057.699284926515,
2024-06-20 22:15:00+00:00,65085.7265625,65085.7265625,65030.0,65030.0,0,False,,65093.68490137915
2024-06-20 22:20:00+00:00,64996.2890625,64996.2890625,64990.765625,64991.2890625,0,False,,65029.69023936628
2024-06-20 22:25:00+00:00,64989.6640625,65002.2265625,64989.6640625,65002.2265625,0,False,,65029.69023936628
2024-06-20 22:30:00+00:00,65005.1640625,65020.93359375,64984.35546875,64984.35546875,192512,False,,65029.69023936628
2024-06-20 22:35:00+00:00,65005.5390625,65005.5390625,64979.44921875,64979.44921875,0,False,,65025.77546965396
2024-06-20 22:40:00+00:00,64975.74609375,64975.74609375,64948.01171875,64960.3046875,8620032,False,,64994.975852376054
2024-06-20 22:45:00+00:00,64963.26171875,64983.78125,64963.26171875,64983.78125,0,False,,64994.975852376054
2024-06-20 22:50:00+00:00,64975.56640625,64975.56640625,64955.00390625,64955.00390625,0,False,,64994.975852376054
2024-06-20 22:55:00+00:00,64958.546875,64958.546875,64947.2890625,64950.16015625,0,False,,64982.66298622566
2024-06-20 23:00:00+00:00,64955.96875,64961.546875,64954.4140625,64961.546875,0,False,,64982.66298622566
2024-06-20 23:05:00+00:00,64994.13671875,65000.41015625,64990.546875,64994.1796875,0,True,64966.473918657255,
2024-06-20 23:10:00+00:00,64997.21484375,64997.21484375,64964.78515625,64964.78515625,20619264,False,,65010.347106020985
2024-06-20 23:15:00+00:00,64954.87109375,64960.78515625,64948.95703125,64948.95703125,20731904,False,,64982.86630166882
2024-06-20 23:20:00+00:00,64956.65234375,64956.65234375,64946.53515625,64948.796875,3495936,False,,64977.80115587687
2024-06-20 23:25:00+00:00,64951.65625,64951.65625,64932.3515625,64932.3515625,34136064,False,,64967.52104028915
2024-06-20 23:30:00+00:00,64930.19140625,64931.75390625,64923.40234375,64923.40234375,0,False,,64951.43846751018
2024-06-20 23:35:00+00:00,64912.78515625,64917.01171875,64911.7421875,64917.01171875,8292352,False,,64937.01727700913
2024-06-20 23:40:00+00:00,64923.05078125,64923.05078125,64902.5859375,64902.5859375,23023616,False,,64935.24113524571
2024-06-20 23:45:00+00:00,64904.03125,64904.03125,64895.890625,64895.890625,5144576,False,,64920.955498283605
2024-06-20 23:50:00+00:00,64891.02734375,64891.02734375,64865.46875,64868.21484375,0,False,,64900.185339080264
2024-06-20 23:55:00+00:00,64855.25390625,64855.25390625,64835.92578125,64835.92578125,25151488,False,,64868.56231298476
2024-06-21 00:00:00+00:00,64837.98828125,64870.60546875,64837.98828125,64870.60546875,0,True,64830.1536839387,
2024-06-21 00:05:00+00:00,64901.49609375,64901.49609375,64856.45703125,64856.45703125,0,True,64852.74378429479,
2024-06-21 00:10:00+00:00,64851.13671875,64851.13671875,64744.70703125,64744.70703125,0,False,,64832.70637538481
2024-06-21 00:15:00+00:00,64709.98828125,64712.70703125,64709.98828125,64712.70703125,0,False,,64746.12558159633
2024-06-21 00:20:00+00:00,64640.7421875,64757.69921875,64628.5546875,64757.69921875,12685312,True,64648.9123671882,
2024-06-21 00:25:00+00:00,64732.83203125,64845.26171875,64732.83203125,64845.26171875,60219392,True,64738.010778906806,
2024-06-21 00:30:00+00:00,64814.59765625,64814.59765625,64785.53125,64785.53125,30476288,True,64748.158919766116,
2024-06-21 00:35:00+00:00,64853.01171875,64887.0234375,64853.01171875,64875.84765625,27557888,True,64813.15337935196,
2024-06-21 00:40:00+00:00,64856.8515625,64858.2578125,64845.8515625,64845.8515625,0,True,64813.15337935196,
2024-06-21 00:45:00+00:00,64854.734375,64854.734375,64813.10546875,64813.10546875,0,False,,64886.842461943634
2024-06-21 00:50:00+00:00,64781.5859375,64781.5859375,64745.921875,64745.921875,0,False,,64818.10255168678
2024-06-21 00:55:00+00:00,64745.8828125,64756.7890625,64745.8828125,64756.7890625,0,False,,64801.34034339308
2024-06-21 01:00:00+00:00,64781.8671875,64806.16796875,64755.46875,64806.16796875,0,True,64730.74447219623,
2024-06-21 01:05:00+00:00,64819.6875,64871.875,64819.6875,64853.328125,0,True,64794.1440484141,
2024-06-21 01:10:00+00:00,64808.1875,64808.1875,64681.3046875,64681.3046875,46927872,False,,64808.42191892736
2024-06-21 01:15:00+00:00,64651.13671875,64690.89453125,64651.13671875,64690.89453125,27570176,False,,64732.29964890961
2024-06-21 01:20:00+00:00,64720.55078125,64791.09375,64720.55078125,64791.09375,47763456,True,64690.64672223134,
2024-06-21 01:25:00+00:00,64797.72265625,64841.66015625,64797.72265625,64836.67578125,0,True,64755.97677657071,
2024-06-21 01:30:00+00:00,64854.921875,64965.01953125,64854.921875,64935.34375,0,True,64839.79316141362,
2024-06-21 01:35:00+00:00,64898.22265625,64924.74609375,64898.22265625,64909.2890625,0,True,64844.61247808477,
2024-06-21 01:40:00+00:00,64909.2890625,64909.2890625,64861.26953125,64861.26953125,0,True,64844.61247808477,
2024-06-21 01:45:00+00:00,64864.60546875,64884.5859375,64864.60546875,64884.5859375,0,True,64844.61247808477,
2024-06-21 01:50:00+00:00,64914.93359375,64914.93359375,64883.84765625,64895.6640625,0,True,64844.61247808477,
2024-06-21 01:55:00+00:00,64884.671875,64916.7890625,64884.671875,64907.8984375,0,True,64845.457111324555,
2024-06-21 02:00:00+00:00,64922.74609375,64966.015625,64908.546875,64960.25390625,0,True,64881.7235095671,
2024-06-21 02:05:00+00:00,65007.546875,65007.546875,64920.7265625,64920.7265625,0,True,64905.452721110385,
2024-06-21 02:10:00+00:00,64919.4765625,64919.4765625,64877.33203125,64887.4453125,0,False,,64955.55934787565
2024-06-21 02:15:00+00:00,64889.91796875,64889.91796875,64863.69921875,64871.76953125,0,False,,64930.87001465058
2024-06-21 02:20:00+00:00,64871.625,64871.625,64861.8046875,64862.46484375,0,False,,64916.36660693552
2024-06-21 02:25:00+00:00,64871.1328125,64895.890625,64866.29296875,64895.890625,0,False,,64916.36660693552
2024-06-21 02:30:00+00:00,64876.125,64876.51953125,64841.0390625,64841.0390625,0,False,,64907.49070161777
2024-06-21 02:35:00+00:00,64786.39453125,64786.39453125,64747.75,64747.75,0,False,,64820.24143614349
2024-06-21 02:40:00+00:00,64726.16015625,64760.953125,64726.16015625,64760.953125,4241408,False,,64794.888190966645
2024-06-21 02:45:00+00:00,64781.4296875,64781.4296875,64754.5546875,64771.94140625,0,False,,64794.888190966645
2024-06-21 02:50:00+00:00,64769.92578125,64780.390625,64743.53125,64745.16796875,15874048,False,,64794.888190966645
2024-06-21 02:55:00+00:00,64728.63671875,64750.3671875,64728.63671875,64750.3671875,10973184,False,,64784.58991894906
2024-06-21 03:00:00+00:00,64752.66796875,64752.66796875,64709.55859375,64709.55859375,3477504,False,,64776.00338799165
2024-06-21 03:05:00+00:00,64737.21484375,64750.6796875,64737.21484375,64749.96875,12570624,False,,64776.00338799165
2024-06-21 03:10:00+00:00,64770.5546875,64770.5546875,64768.31640625,64768.31640625,21110784,False,,64776.00338799165
2024-06-21 03:15:00+00:00,64777.03515625,64777.03515625,64758.671875,64758.671875,20414464,False,,64776.00338799165
2024-06-21 03:20:00+00:00,64785.27734375,64795.65234375,64785.27734375,64785.55078125,40814592,True,64750.996513857426,
2024-06-21 03:25:00+00:00,64776.921875,64776.921875,64764.55078125,64764.55078125,19302400,True,64750.996513857426,
2024-06-21 03:30:00+00:00,64754.54296875,64754.54296875,64656.79296875,64656.79296875,6600704,False,,64750.303097212985
2024-06-21 03:35:00+00:00,64684.0078125,64731.5625,64684.0078125,64713.3203125,47333376,False,,64750.303097212985
2024-06-21 03:40:00+00:00,64710.7890625,64742.6015625,64710.7890625,64742.6015625,8267776,False,,64750.303097212985
2024-06-21 03:45:00+00:00,64722.1171875,64722.1171875,64711.53515625,64711.53515625,17330176,False,,64750.303097212985
2024-06-21 03:50:00+00:00,64703.16796875,64703.16796875,64664.1796875,64664.1796875,0,False,,64728.51797067519
2024-06-21 03:55:00+00:00,64640.34375,64640.34375,64582.421875,64582.421875,0,False,,64659.91832204517
2024-06-21 04:00:00+00:00,64469.46875,64469.46875,64334.3828125,64359.2265625,147542016,False,,64470.41164609066
2024-06-21 04:05:00+00:00,64451.98046875,64488.76953125,64451.98046875,64475.54296875,172222464,True,64395.78342476841,
2024-06-21 04:10:00+00:00,64496.90625,64500.21484375,64496.90625,64500.21484375,88332288,True,64428.96094166657,
2024-06-21 04:15:00+00:00,64502.4453125,64512.8203125,64502.4453125,64512.8203125,21041152,True,64443.732620937415,
2024-06-21 04:20:00+00:00,64535.3828125,64569.5390625,64535.3828125,64569.5390625,58687488,True,64489.27889009367,
2024-06-21 04:25:00+00:00,64575.96484375,64584.89453125,64575.96484375,64584.89453125,28426240,True,64522.0302979593,
2024-06-21 04:30:00+00:00,64553.640625,64592.34765625,64553.640625,64592.34765625,2021376,True,64522.0302979593,
2024-06-21 04:35:00+00:00,64566.59375,64600.19921875,64566.59375,64600.19921875,272384,True,64529.24879915953,
2024-06-21 04:40:00+00:00,64570.80859375,64571.2578125,64570.80859375,64571.2578125,10016768,True,64529.24879915953,
2024-06-21 04:45:00+00:00,64586.9140625,64586.9140625,64560.0,64560.0,3678208,True,64529.24879915953,
2024-06-21 04:50:00+00:00,64602.75390625,64613.359375,64587.99609375,64587.99609375,0,True,64551.065228102925,
2024-06-21 04:55:00+00:00,64620.4140625,64620.4140625,64613.2578125,64613.2578125,8747008,True,64568.94288498013,
2024-06-21 05:00:00+00:00,64633.05859375,64633.05859375,64612.36328125,64628.93359375,0,True,64577.537658982124,
2024-06-21 05:05:00+00:00,64621.8203125,64626.76953125,64535.9609375,64535.9609375,0,False,,64631.31845066609
2024-06-21 05:10:00+00:00,64556.5546875,64556.5546875,64496.265625,64496.265625,0,False,,64577.39695716198
2024-06-21 05:15:00+00:00,64493.29296875,64513.37109375,64486.8359375,64513.37109375,5206016,False,,64548.645152070785
2024-06-21 05:20:00+00:00,64511.23046875,64515.05078125,64477.50390625,64477.50390625,0,False,,64543.7195040512
2024-06-21 05:25:00+00:00,64517.0234375,64542.6796875,64510.703125,64542.6796875,13875200,False,,64543.7195040512
2024-06-21 05:30:00+00:00,64541.9921875,64545.4453125,64536.78125,64545.4453125,0,True,64495.95290484352,
2024-06-21 05:35:00+00:00,64569.55078125,64590.01171875,64554.99609375,64559.8125,2308096,True,64527.40292685917,
2024-06-21 05:40:00+00:00,64557.83984375,64557.83984375,64549.80859375,64549.80859375,0,True,64527.40292685917,
2024-06-21 05:45:00+00:00,64541.6015625,64560.03515625,64541.6015625,64545.4921875,0,True,64527.40292685917,
2024-06-21 05:50:00+00:00,64553.69140625,64597.01171875,64553.69140625,64597.01171875,0,True,64534.851655555336,
2024-06-21 05:55:00+00:00,64613.5078125,64629.828125,64613.5078125,64622.41796875,0,True,64581.936411874805,
2024-06-21 06:00:00+00:00,64624.140625,64624.140625,64593.73828125,64593.73828125,0,True,64581.936411874805,
2024-06-21 06:05:00+00:00,64590.28125,64620.55859375,64582.16015625,64620.55859375,0,True,64581.936411874805,
2024-06-21 06:10:00+00:00,64654.79296875,64685.8046875,64654.79296875,64685.8046875,0,True,64628.89146456923,
2024-06-21 06:15:00+00:00,64691.51953125,64691.51953125,64665.03515625,64665.03515625,0,True,64638.362279049805,
2024-06-21 06:20:00+00:00,64676.0234375,64676.0234375,64585.21484375,64592.375,0,False,,64675.623558230174
2024-06-21 06:25:00+00:00,64580.24609375,64580.24609375,64554.3828125,64575.7421875,0,False,,64611.61764771966
2024-06-21 06:30:00+00:00,64592.14453125,64621.88671875,64590.1015625,64621.88671875,0,True,64561.50681236481,
2024-06-21 06:35:00+00:00,64628.8359375,64641.11328125,64598.19921875,64598.19921875,0,True,64575.32624831583,
2024-06-21 06:40:00+00:00,64614.0234375,64614.0234375,64590.421875,64590.421875,0,True,64575.32624831583,
2024-06-21 06:45:00+00:00,64588.52734375,64617.38671875,64588.52734375,64614.21875,0,True,64575.32624831583,
2024-06-21 06:50:00+00:00,64591.03515625,64591.03515625,64547.50390625,64558.578125,0,False,,64612.76665716526
2024-06-21 06:55:00+00:00,64559.80859375,64585.64453125,64554.56640625,64585.64453125,315392,False,,64612.360694573734
2024-06-21 07:00:00+00:00,64585.90625,64650.84375,64585.90625,64595.25390625,0,False,,64612.360694573734
2024-06-21 07:05:00+00:00,64614.296875,64627.26953125,64604.91796875,64625.6171875,10639360,True,64572.79752489527,
2024-06-21 07:10:00+00:00,64620.88671875,64635.17578125,64620.88671875,64635.17578125,0,True,64587.63574115575,
2024-06-21 07:15:00+00:00,64646.41015625,64680.15234375,64646.41015625,64661.7421875,0,True,64622.427635790176,
2024-06-21 07:20:00+00:00,64674.10546875,64682.9609375,64656.62890625,64656.62890625,0,True,64630.393465961155,
2024-06-21 07:25:00+00:00,64648.2578125,64692.2265625,64648.2578125,64692.2265625,0,True,64630.393465961155,
2024-06-21 07:30:00+00:00,64679.6328125,64679.6328125,64657.4375,64657.4375,0,True,64630.393465961155,
2024-06-21 07:35:00+00:00,64635.5234375,64635.5234375,64591.9296875,64591.9296875,0,False,,64655.69348948619
2024-06-21 07:40:00+00:00,64605.6875,64605.6875,64570.4921875,64584.33984375,0,False,,64629.37960928757
2024-06-21 07:45:00+00:00,64524.9921875,64524.9921875,64423.484375,64423.484375,4313088,False,,64527.484617108814
2024-06-21 07:50:00+00:00,64449.08984375,64449.08984375,64247.99609375,64247.99609375,57073664,False,,64416.574046022935
2024-06-21 07:55:00+00:00,64299.546875,64307.5,64187.97265625,64187.97265625,136370176,False,,64320.91703204564
2024-06-21 08:00:00+00:00,64181.43359375,64253.640625,64181.43359375,64253.640625,35330048,False,,64290.62044602857
2024-06-21 08:05:00+00:00,64263.13671875,64263.13671875,64198.4140625,64198.4140625,36141056,False,,64290.62044602857
2024-06-21 08:10:00+00:00,64227.76171875,64296.921875,64227.76171875,64289.9609375,70238208,False,,64290.62044602857
2024-06-21 08:15:00+00:00,64302.87890625,64302.87890625,64267.4609375,64278.98828125,27807744,False,,64290.62044602857
2024-06-21 08:20:00+00:00,64295.3046875,64320.19921875,64295.3046875,64320.19921875,15427584,True,64239.795850555965,
2024-06-21 08:25:00+00:00,64322.15234375,64322.15234375,64285.5234375,64285.5234375,13142016,True,64239.795850555965,
2024-06-21 08:30:00+00:00,64236.828125,64248.3828125,64236.828125,64240.0703125,30230528,True,64239.795850555965,
2024-06-21 08:35:00+00:00,64204.1328125,64204.1328125,64119.35546875,64119.35546875,39200768,False,,64230.705143304076
2024-06-21 08:40:00+00:00,64135.09375,64198.30078125,64117.640625,64198.30078125,16031744,False,,64228.10162116117
2024-06-21 08:45:00+00:00,64128.0859375,64128.43359375,64128.0859375,64128.43359375,30101504,False,,64198.399076232556
2024-06-21 08:50:00+00:00,63829.65234375,63829.65234375,63744.859375,63744.859375,408911872,False,,63888.7386607968
2024-06-21 08:55:00+00:00,63783.0234375,63783.0234375,63642.78125,63642.78125,327915520,False,,63818.26108377962
2024-06-21 09:00:00+00:00,63608.32421875,63634.421875,63580.703125,63580.703125,91338752,False,,63708.59317852666
2024-06-21 09:05:00+00:00,63574.109375,63667.4453125,63574.109375,63582.64453125,125999104,False,,63708.59317852666
2024-06-21 09:10:00+00:00,63697.93359375,63703.0859375,63693.78515625,63693.78515625,93460480,False,,63708.59317852666
2024-06-21 09:15:00+00:00,63663.25,63663.25,63627.63671875,63638.77734375,72683520,False,,63708.59317852666
2024-06-21 09:20:00+00:00,63581.703125,63636.96875,63581.703125,63636.96875,96016384,False,,63703.84289068134
2024-06-21 09:25:00+00:00,63724.92578125,63865.33203125,63716.0078125,63865.33203125,112367616,True,63682.77733588679,
2024-06-21 09:30:00+00:00,63845.65234375,63905.30078125,63845.65234375,63905.30078125,88197120,True,63772.408391360615,
2024-06-21 09:35:00+00:00,63806.0234375,64089.63671875,63806.0234375,64089.63671875,87590912,True,63826.707395974554,
2024-06-21 09:40:00+00:00,64071.39453125,64106.24609375,64071.39453125,64091.24609375,176742400,True,63976.324742314595,
2024-06-21 09:45:00+00:00,64041.171875,64043.91796875,64041.171875,64043.91796875,47382528,True,63976.324742314595,
2024-06-21 09:50:00+00:00,64074.09765625,64191.8359375,64074.09765625,64161.234375,82995200,True,64022.546908462326,
2024-06-21 09:55:00+00:00,64170.2109375,64170.2109375,64091.48046875,64091.48046875,82434048,True,64023.59475667859,
2024-06-21 10:00:00+00:00,64043.7578125,64043.7578125,64031.03125,64042.94921875,24111104,True,64023.59475667859,
2024-06-21 10:05:00+00:00,64040.546875,64040.546875,64040.546875,64040.546875,0,True,64023.59475667859,
